game,release date,developerNapoleon Dynamite,23/10/2007,7 StudiosFantastic 4,27/6/2005,7 StudiosHappy Feet,14/11/2006,A2M (Artificial Mind and MovementAll-Star Baseball 2002,13/11/2001,Acclaim Studios AustinAll-Star Baseball 2004,26/2/2003,Acclaim Studios AustinAll-Star Baseball 2003,28/2/2002,Acclaim Studios AustinTurok: Evolution,29/8/2002,Acclaim Studios AustinCrazy Taxi,18/11/2001,Acclaim Studios CheltenhamJeremy McGrath Supercross World,27/2/2002,"Acclaim Studios Salt Lake City, Inc"Legends of Wrestling,29/5/2002,"Acclaim Studios Salt Lake City, Inc"Cabela's African Safari,17/10/2006,Activision Value Publishing IncWreckless: The Yakuza Missions,13/11/2002,"Activision, Inc"X2: Wolverine's Revenge,15/4/2003,"Activision, Inc"World Series of Poker: Tournament of Champions,21/9/2006,"Activision, Inc"Def Jam Vendetta,24/3/2003,AKI CorporationDef Jam Vendetta II,21/9/2004,AKI CorporationBeach Spikers,14/8/2002,AM218-Wheeler: American Pro Trucker,20/2/2002,AM2Eragon,14/11/2006,Amaze EntertainmentSamurai Jack: The Shadow of Aku,23/3/2004,Amaze EntertainmentVirtua Striker 2002,26/3/2002,Amusement VisionSuper Monkey Ball 2,28/8/2002,Amusement VisionSpectral Souls,26/9/2006,AndamiroMonster House,18/7/2006,Artificial Mind and MovementDrome Racers,18/9/2003,Attention To Detail LimitedTak and the Power of Juju,15/10/2003,Avalanche SoftwareDisney's Chicken Little,18/10/2005,Avalanche SoftwareDragon Ball Z: Sagas,22/3/2005,Avalanche SoftwareTak: The Great Juju Challenge,20/9/2005,Avalanche StudiosDeath Jr. 2: Root of Evil,31/10/2006,Backbone EntertainmentDigimon World 4,31/5/2005,"Bandai Co., Ltd"Jimmy Neutron: Boy Genius,17/12/2002,"BigSky Interactive, Inc"SpongeBob SquarePants: Revenge of the Flying Dutchman,18/12/2002,"BigSky Interactive, Inc"Need for Speed Undercover,18/11/2008,Black BoxSega Soccer Slam,20/3/2002,Black Box Games LtdNeed for Speed: Underground,18/11/2003,Black Box Games LtdTerminator 3: Rise of the Machines,18/11/2003,"Black Ops Entertainment, Inc"Street Hoops,14/11/2002,"Black Ops Entertainment, Inc"The Hustle: Detroit Streets,25/10/2005,Blade Interactive StudiosSpongeBob SquarePants: Creature from the Krusty Krab,16/10/2006,Blitz GamesBad Boys: Miami Takedown,28/9/2004,Blitz GamesThe Bigs,25/6/2007,Blue Castle GamesNicktoons: Battle for Volcano Island,25/10/2006,Blue TongueNicktoons Unite,27/10/2005,Blue Tongue Entertainment LimitedXiaolin Showdown,14/11/2006,BottleRocket EntertainmentMega Man Powered Up,14/3/2006,CapcomMega Man: Maverick Hunter X,31/1/2006,CapcomResident Evil Zero,13/11/2002,"Capcom Co., Ltd"Resident Evil 2,15/1/2003,"Capcom Co., Ltd"Resident Evil 3: Nemesis,15/1/2003,"Capcom Co., Ltd"Mega Man Network Transmission,17/6/2003,"Capcom Co., Ltd"Mega Man X Command Mission,21/9/2004,"Capcom Co., Ltd"Mega Man Anniversary Collection,22/6/2004,"Capcom Co., Ltd"Capcom vs. SNK 2: EO,25/9/2002,"Capcom Co., Ltd"Resident Evil,30/4/2002,"Capcom Co., Ltd"Auto Modellista,30/9/2003,"Capcom Co., Ltd"Power Stone Collection,31/10/2006,"Capcom Co., Ltd"Darkstalkers Chronicle: The Chaos Tower,24/3/2005,Capcom Production Studio 5Kingdom of Paradise,15/11/2005,Climax GroupATV Offroad Fury: Blazin' Trails,19/4/2005,Climax GroupSpeed Kings,28/5/2003,Climax GroupGhost Rider,13/2/2007,Climax GroupViewtiful Joe 2,18/11/2004,Clover StudioBubble Bobble: Evolution,21/12/2006,Codemasters USAHard Rock Casino,24/4/2007,Cosmi CorporationWorld Championship Cards,28/5/2008,Craftgold SoftwareCoded Arms: Contagion,18/9/2007,Creat StudioAmerican Chopper 2: Full Throttle,29/11/2005,"Creat Studio, LLC"Burnout Legends,13/9/2005,Criterion StudiosLara Croft: Tomb Raider -- Legend,14/11/2006,"Crystal Dynamics, Inc"Puzzle Quest Challenge of the Warlords,20/3/2007,D3Publisher of AmericaNickelodeon Party Blast,23/11/2002,Data Design InteractiveFull Auto 2: Battlelines,20/3/2007,Deep Fried EntertainmentMidway Arcade Treasures: Extended Play,13/12/2005,"Digital Eclipse Software, Inc"Midway Arcade Treasures 3,25/10/2005,"Digital Eclipse Software, Inc"Capcom Classics Collection: Remixed,23/3/2006,"Digital Eclipse Software, Inc"Capcom Classics Collection: Reloaded,24/10/2006,"Digital Eclipse Software, Inc"Rocky Balboa,20/3/2007,Digital FictionBlack & Bruised,30/1/2003,"Digital Fiction, Inc"Top Gun: Combat Zones,18/6/2002,Digital IntegrationRainbow Islands: Evolution,22/1/2008,Digital WhipDragon Ball Z: Budokai,28/10/2003,DimpsDragon Ball Z: Budokai 2,14/12/2004,DimpsDisney's Hide & Sneak,18/11/2003,Disney InteractiveFIFA Street,22/2/2005,EA CanadaSSX Tricky,28/11/2001,EA CanadaFIFA Street 2,28/2/2006,EA CanadaFIFA Street 2,28/2/2006,EA CanadaFIFA Soccer 09,14/10/2008,EA CanadaNeed for Speed: Underground 2,16/11/2004,EA CanadaNeed for Speed Most Wanted,17/11/2005,EA CanadaNeed for Speed Most Wanted 5-1-0,17/11/2005,EA CanadaNeed for Speed: Most Wanted -- 5-1-0,17/11/2005,EA CanadaFIFA Soccer 06,18/10/2005,EA CanadaFIFA Soccer 2002: Major League Soccer,20/11/2001,EA CanadaMVP Baseball 2005,22/2/2005,EA CanadaMedal of Honor: Heroes,23/10/2006,EA Canada2002 FIFA World Cup,23/4/2002,EA CanadaNHL 2004,23/9/2003,EA CanadaTiger Woods PGA Tour 06,27/9/2005,EA CanadaFight Night: Round 2,28/2/2005,EA CanadaNBA Live 07,28/9/2006,EA CanadaEA Replay,14/11/2006,EA Canada - Team FusionNCAA Football 09,15/7/2008,EA Canada - Team FusionThe Sims 2: Pets,28/11/2006,EA Canada - Team FusionNCAA Football 2005,14/7/2004,EA GamesCatwoman,20/7/2004,EA GamesNHL 2005,20/9/2004,EA GamesNeed for Speed: Underground -- Rivals,24/3/2005,EA GAMESThe Sims,25/3/2003,EA GamesHarry Potter and the Order of the Phoenix,26/6/2007,EA GamesTiger Woods PGA Tour 2004,22/9/2003,EA PacificJames Bond 007 in Agent Under Fire,13/3/2002,EA Redwood ShoresJames Bond 007: Everything or Nothing,17/2/2004,EA Redwood ShoresNCAA Football 07,18/7/2006,EA SportsTiger Woods PGA Tour 06,20/9/2005,EA SportsTiger Woods PGA Tour,24/3/2005,EA SPORTSNFL Street 2,29/12/2004,EA TiburonNFL Street,15/1/2004,EA TiburonNCAA Football 2004,16/7/2003,EA TiburonNASCAR Thunder 2003,18/9/2002,EA TiburonMadden NFL 2006,20/9/2005,EA TiburonNCAA Football 2003,23/7/2002,EA TiburonHarry Potter and the Goblet of Fire,15/11/2005,EA UKHarry Potter: Quidditch World Cup,28/10/2003,EA UKTest Drive Unlimited,21/3/2007,Eden StudiosChili Con Carnage,27/2/2007,Eidos InteractiveFord Bold Moves Street Racing,18/10/2006,Eidos InteractiveNaruto: Clash of Ninja 2,26/9/2006,EightingBloody Roar: Primal Fury,20/3/2002,"Eighting Co., Ltd. (8ing"Tiger Woods PGA Tour 2003,29/10/2002,Electronic ArtsMedal of Honor: Frontline,18/11/2002,Electronic Arts Los AngelesSpyro: Enter the Dragonfly,21/11/2002,Equinoxe Digital EntertainmentArthur and the Invisibles,20/2/2007,Etranges LibellulesBuffy the Vampire Slayer: Chaos Bleeds,26/8/2003,Eurocom Developments LtdCrash Bandicoot: The Wrath of Cortex,18/9/2002,Eurocom Developments Ltd007: NightFire,20/11/2002,Eurocom Developments LtdIce Age 2: The Meltdown,14/3/2006,Eurocom Entertainment SoftwareSRS: Street Racing Syndicate,31/8/2004,"Eutechnyx, Limited"Big Mutha Truckers,18/8/2003,"Eutechnyx, Limited"Rocket Power: Beach Bandits,24/9/2002,Evolution GamesThe Legend of Heroes: A Tear of Vermillion,15/11/2005,FalcomPuzzle Scape,18/6/2007,FarmindPinball Hall of Fame: The Gottlieb Collection,25/3/2005,FarSight StudiosPinball Hall of Fame: The Williams Collection,26/2/2008,FarSight StudiosTimeSplitters 2,24/9/2002,Free Radical DesignB-Boy,16/9/2008,FreeStyleGamesLost Kingdoms,29/5/2002,"FromSoftware, Inc"Thrillville,21/11/2006,Frontier Developments LtdWallace & Gromit in Project Zoo,16/10/2003,Frontier Developments LtdCabela's Outdoor Adventures,15/9/2005,Fun LabsPokemon Colosseum,22/3/2004,Genius Sonority IncStreet Supremacy,28/2/2006,Genki Co. LtdThe Fast and the Furious,24/4/2007,Glu MobileRatchet & Clank: Size Matters,13/2/2007,High Impact StudiosThe Grim Adventures of Billy & Mandy,26/9/2006,High Voltage SoftwareBaldur's Gate: Dark Alliance,20/11/2002,"High Voltage Software, Inc"Hunter: The Reckoning,20/11/2002,"High Voltage Software, Inc"Charlie and the Chocolate Factory,18/7/2005,"High Voltage Software, Inc"50 Cent: Bulletproof -- G Unit Edition,29/8/2006,"High Voltage Software, Inc"Bomberman Land,29/1/2008,Hudson  SoftFrogger: Ancient Shadow,27/9/2005,"Hudson Soft Co., Ltd"Disney's Party,16/9/2003,"Hudson Soft Co., Ltd"Outlaw Golf,30/10/2002,"Hypnotix, Inc"Twisted Metal: Head-On,24/3/2005,Incog Inc. EntertainmentDungeons & Dragons: Heroes,31/12/1969,InfogramesGitaroo Man Lives,16/11/2006,InisFire Emblem: Path of Radiance,18/10/2005,Intelligent SystemsHitman 2: Silent Assassin,17/6/2003,IO InteractivePuzzle Guzzle,26/2/2008,Irem Software EngineeringGoblin Commander: Unleash the Horde,17/12/2003,JalecoMortal Kombat: Unchained,14/11/2006,JGI (Just Games InteractiveJuiced: Eliminator,29/6/2006,Juice StudioBatman: Dark Tomorrow,17/2/2003,KEMCOGrooverider: Slot Car Thunder,23/9/2003,King of the Jungle LtdMystic Heroes,30/9/2002,"KOEI Co., Ltd"Metal Gear Solid: Digital Graphic Novel,13/6/2006,Kojima ProductionsCastlevania: The Dracula X Chronicles,23/10/2007,KonamiSteel Horizon,29/6/2007,KonamiTMNT Mutant Melee,15/3/2005,"Konami Computer Entertainment Hawaii, Inc"Metal Gear Ac!d 2,23/3/2006,"Konami Computer Entertainment Japan Co., Ltd"Metal Gear Ac!d,24/3/2005,"Konami Computer Entertainment Japan Co., Ltd"Disney Sports Skateboarding,13/11/2002,Konami Computer Entertainment Osaka (KCEODisney Sports Soccer,13/11/2002,Konami Computer Entertainment Osaka (KCEOEvolution Skateboarding,13/11/2002,Konami Computer Entertainment Osaka (KCEOEvolution Snowboarding,25/2/2003,Konami Computer Entertainment Osaka (KCEOWTA Tour Tennis,28/9/2002,Konami Computer Entertainment Osaka (KCEOFrogger: Helmet Chaos,27/9/2005,"Konami Digital Entertainment, Inc. (KDEI"The Legend of Spyro: A New Beginning,13/10/2006,Krome StudiosKing Arthur,16/11/2004,Krome StudiosHellboy: The Science of Evil,24/6/2008,Krome StudiosStrike Force Bowling,22/3/2005,Lab Rats GamesNBA Courtside 2002,15/1/2002,Left Field ProductionsWorld Series of Poker,15/9/2005,Left Field ProductionsWorld Series of Poker,20/9/2005,Left Field ProductionsMTX: Mototrax,29/6/2006,Left Field ProductionsGladius,29/9/2003,LucasArts Entertainment CompanyShrek 2,28/4/2004,LuxofluxShrek: Super Party,27/5/2003,Mass Media IncThe Sims 2,13/12/2005,MaxisThe Sims Bustin' Out,16/12/2003,MaxisThe Sims 2: Pets,17/10/2006,MaxisThe Sims 2,25/10/2005,MaxisFreaky Flyers,18/8/2003,Midway Home EntertainmentMortal Kombat: Deadly Alliance,19/11/2002,Midway Home EntertainmentDr. Muto,20/12/2002,Midway Home EntertainmentDora the Explorer: Journey to the Purple Planet,13/10/2005,Monkey Bar GamesBaten Kaitos Origins,26/9/2006,"Monolith Software, Inc"NASCAR: Dirt to Daytona,13/11/2002,"Monster Games, Inc"Jackass: The Game,26/9/2007,MPS LabsGeist,16/8/2005,"n-Space, Inc"Mary-Kate and Ashley: Sweet 16 -- Licensed to Drive,26/11/2002,"n-Space, Inc"Ridge Racer,24/3/2005,NamcoTekken: Dark Resurrection,25/7/2006,NamcoGunpey,16/11/2006,"Namco Bandai Games America, Inc"Ace Combat X: Skies of Deception,24/10/2006,"Namco Bandai Games America, Inc"MotoGP,26/9/2006,"Namco Bandai Games America, Inc"Snoopy vs. The Red Baron,24/10/2006,"Namco Hometek, Inc"Dead to Rights,26/11/2002,"Namco Hometek, Inc"Star Fox: Assault,14/2/2005,Namco LtdDonkey Konga,27/9/2004,Namco LtdPac-Man World 2,14/3/2002,Namco LtdSoul Calibur II,26/8/2003,Namco LtdTales of Symphonia,13/7/2004,Namco Tales StudioHarvest Moon: A Wonderful Life,16/3/2004,Natsume IncTube Slider,25/3/2003,"NDCUBE Co., Ltd"Code Lyoko: Quest for Infinity,17/7/2008,Neko EntertainmentTony Hawk's Pro Skater 3,18/11/2001,Neversoft EntertainmentTony Hawk's Project 8,21/11/2006,Neversoft EntertainmentTony Hawk's Pro Skater 4,24/10/2002,Neversoft EntertainmentTony Hawk's Underground,28/10/2003,Neversoft EntertainmentLittle League Baseball,31/12/1969,NewKidCoTom and Jerry in War of the Whiskers,25/11/2003,NewKidCo LLCNHL Hitz Pro,23/9/2003,Next Level GamesAnimal Crossing,16/9/2002,Nintendo Co. LtdLuigi's Mansion,18/11/2001,Nintendo Co. LtdMario Party 4,22/10/2002,Nintendo Co. LtdThe Legend of Zelda: The Wind Waker,25/3/2003,Nintendo Co. LtdSuper Mario Sunshine,27/8/2002,Nintendo Co. LtdPikmin 2,30/8/2004,Nintendo Co. LtdThe Legend of Zelda: Ocarina of Time / Master Quest (bonus disc,18/2/2003,Nintendo EADSuper Mario Galaxy,13/11/2007,Nintendo EAD TokyoDonkey Kong Jungle Beat,14/3/2005,"Nintendo of America, Inc"Mario Golf: Toadstool Tour,28/7/2003,"Nintendo of America, Inc"Wave Race: Blue Storm,18/11/2001,Nintendo Software Technology CorporationJudge Dredd: Dredd vs Death,28/2/2005,Not SpecifiedNBA Street,20/2/2002,"NuFX, Inc"Dynasty Warriors Vol. 2,24/10/2006,Omega ForceStar Wars: The Clone Wars,29/10/2002,Pandemic StudiosMission: Impossible -- Operation Surma,23/3/2004,"Paradigm Entertainment, Inc"Peter Jackson's King Kong: The Official Game of the Movie,20/12/2005,Phoenix InteractiveConflict: Desert Storm,24/4/2003,Pivotal Games LtdDiner Dash: Sizzle & Serve,22/5/2007,PlayFirstBrunswick Pro Bowling,21/8/2007,Point of ViewSmashing Drive,21/2/2002,"Point of View, Inc"SpyHunter,13/3/2002,"Point of View, Inc"NFL Blitz 20-02,21/3/2002,"Point of View, Inc"Red Card 20-03,27/6/2002,"Point of View, Inc"World Championship Poker Featuring Howard Lederer: All In,22/8/2006,"Point of View, Inc"Patapon,26/2/2008,Pyramid (JPCrash Clash Racing,20/9/2005,Radical EntertainmentTetris Worlds,27/6/2002,Radical EntertainmentThe Simpsons Road Rage,20/12/2001,Radical EntertainmentX-Men Legends II: Rise of Apocalypse,20/9/2005,Raven SoftwareX-Men Legends,21/9/2004,Raven SoftwareX-Men Legends II: Rise of Apocalypse,25/10/2005,Raven SoftwareOkami,15/4/2008,Ready At Dawn StudiosOkami,15/4/2008,Ready At Dawn StudiosOkami,15/4/2008,Ready At Dawn StudiosOkami,15/4/2008,Ready At Dawn StudiosDead to Rights: Reckoning,28/6/2005,RebellionTom Clancy's Ghost Recon 2,15/3/2005,"Red Storm Entertainment, Inc"Tom Clancy's Rainbow Six: Lockdown,27/9/2005,"Red Storm Entertainment, Inc"Metroid Prime 2: Echoes,18/11/2004,Retro StudiosGrand Theft Auto: Liberty City Stories,25/10/2005,Rockstar LeedsGrand Theft Auto: Vice City Stories,31/10/2006,Rockstar LeedsCabela's Dangerous Hunts 2,15/11/2005,Sand Grain StudiosRapala Trophies,22/8/2006,Sand Grain StudiosScooby-Doo! Who's Watching Who,17/10/2006,Savage EntertainmentMLB 07: The Show,27/2/2007,SCE Studios San DiegoMediEvil Resurrection,13/9/2005,SCEE Cambridge StudiosWorld Tour Soccer,24/3/2005,SCEE Studio LondonSonic Gems Collection,16/8/2005,"Sega of America, Inc"Sonic Rivals,21/11/2006,"Sega of America, Inc"Amazing Island,25/8/2004,"Sega of America, Inc"Virtua Tennis 3,28/3/2007,"Sega of America, Inc"Shadow the Hedgehog,15/11/2005,Sega Studio USATony Hawk's Underground 2: Remix,24/3/2005,"Shaba Games, Inc"Enter the Matrix,15/5/2003,"Shiny Entertainment, Inc"Eternal Darkness: Sanity's Requiem,24/6/2002,Silicon KnightsMark Davis Pro Bass Challenge,20/9/2005,SimsPac-Man World Rally,22/8/2006,Smart Bomb InteractivePac-Man World Rally,22/8/2006,Smart Bomb Interactive"SNK Arcade Classics, Vol. 1",29/4/2008,SNKMetal Slug Anthology,20/2/2007,SNK Playmore CorporationSonic Adventure 2 Battle,13/2/2002,Sonic TeamPhantasy Star Online: Episodes I & II -- Plus,15/9/2004,Sonic TeamSonic Adventure DX: Director's Cut,17/6/2003,Sonic TeamPuyo Pop Fever,23/7/2004,Sonic TeamPhantasy Star Online Episode I & II,30/10/2002,Sonic TeamWipeout Pure,24/3/2005,"Sony Computer Entertainment America, Inc"ATV Offroad Fury: Pro,26/10/2006,"Sony Computer Entertainment America, Inc"NBA 07,26/9/2006,"Sony Computer Entertainment America, Inc. San Diego"World Tour Soccer '06,27/6/2006,Sony Computer Entertainment EuropeApe Escape Academy,17/1/2006,Sony Computer Entertainment Inc. (JapanUntold Legends: Brotherhood of the Blade,24/3/2005,Sony Online EntertainmentProStroke Golf: World Tour 2007,25/6/2007,SouthPeak InteractiveCall of Duty: Finest Hour,27/10/2004,Spark UnlimitedCrisis Core: Final Fantasy VII,25/3/2008,"Square Enix Co., Ltd"Rocky,15/11/2002,Steel MonkeysThe Lord of the Rings: The Two Towers,31/12/2002,Stormfront StudiosOutRun 2006: Coast 2 Coast,25/4/2006,Sumo DigitalSpelling Challenges and More,25/9/2007,Supersonic SoftwareDungeon Siege: Throne of Agony,31/10/2006,SuperVillain StudiosThe Lord of the Rings: The Fellowship of the Ring,31/12/1969,Surreal SoftwareMetal Arms: Glitch in the System,20/11/2003,"Swingin' Ape Studios, Inc"Space Invaders Extreme,17/6/2008,TaitoTaito Legends Power-Up,17/5/2007,TaitoWorms Blast,23/10/2002,Team 17Worms: Open Warfare,23/3/2006,Team 17NFL Street 2 Unleashed,24/3/2005,Team FusionNBA Street Showdown,25/4/2005,Team FusionMVP Baseball,17/5/2005,Team FusionGo! Go! Hypergrind,18/11/2003,Team PoponchiSwingerz Golf,24/10/2002,Telenet Japan Co. LtdBloodRayne,16/10/2002,Terminal RealityAlien Hominid,23/11/2004,The BehemothThe Con,18/10/2005,Think and Feel Inc"SpongeBob SquarePants: Lights, Camera, Pants",20/10/2005,THQ Studio AustraliaThe Incredibles,29/10/2004,"THQ, Inc"NFL Street 3,14/11/2006,TiburonMadden NFL 08,14/8/2007,TiburonMadden NFL 08,14/8/2007,TiburonMadden NFL 2002,18/11/2001,"Tiburon Entertainment, Inc"Zoids: Battle Legends,14/9/2004,TomyMadagascar,24/5/2005,Toys for BobLEGO Batman: The Videogame,23/9/2008,Traveller's TalesFinding Nemo,14/5/2003,Traveller's TalesWRC: World Rally Championship,18/4/2006,Traveller's TalesBionicle Heroes,14/11/2006,Traveller's TalesLEGO Star Wars: The Video Game,25/10/2005,Traveller's Tales"The Chronicles of Narnia: The Lion, the Witch, and the Wardrobe",15/11/2005,Traveller's TalesIkaruga,15/4/2003,TreasureSpider-Man,17/4/2002,"Treyarch Invention, LLC"Kelly Slater's Pro Surfer,18/9/2002,"Treyarch Invention, LLC"Tom Clancy's Splinter Cell: Double Agent,24/10/2006,Ubisoft EntertainmentRayman Arena,25/9/2002,Ubisoft Entertainment SADisney's Donald Duck: Goin' Quackers,27/3/2002,Ubisoft Entertainment SADisney's Tarzan: Untamed,16/11/2001,Ubisoft MontrealShaun White Snowboarding,16/11/2008,Ubisoft MontrealBatman: Vengeance,18/11/2001,Ubisoft MontrealOpen Season,19/9/2006,Ubisoft MontrealTom Clancy's Splinter Cell: Essentials,21/3/2006,Ubisoft MontrealXIII,25/11/2003,Ubisoft MontrealThe Sum of All Fears,15/1/2003,Ubisoft ShanghaiStar Wars: Jedi Knight II -- Jedi Outcast,15/11/2002,"Vicarious Visions, Inc"Spider-Man 2,24/3/2005,"Vicarious Visions, Inc"Marvel Trading Card Game,27/2/2007,Vicious CycleDead Head Fred,28/8/2007,"Vicious Cycle Software, Inc"Justice League Heroes,28/11/2006,"Visual Applications, Inc"NBA 2K2,20/3/2002,Visual ConceptsNFL 2K3,21/8/2002,Visual ConceptsNBA 2K3,26/11/2002,Visual ConceptsWorld Poker Tour,18/4/2006,Visual ConceptsF1 2002,25/6/2002,Visual Sciences LtdSpirits & Spells,24/9/2003,Wanadoo EditionAnimaniacs: The Great Edgar Hunt,20/9/2005,WarthogLooney Tunes: Back in Action,24/11/2003,WarthogRally Championship,15/7/2003,WarthogHome Run King,20/3/2002,WOW EntertainmentHello Kitty: Roller Rescue,16/8/2005,XPEC Entertainment IncWWE SmackDown vs. Raw 2006,15/12/2005,Yuke's Co. LtdWWE Day of Reckoning 2,30/8/2005,Yuke's Co. LtdWWE: Day of Reckoning,31/8/2004,Yuke's Co. LtdX-Men: The Official Game,16/5/2006,"Z-AXIS, Ltd"Dave Mirra Freestyle BMX 2,17/11/2001,"Z-AXIS, Ltd"