game,release date,publisherNapoleon Dynamite,23/10/2007,CraveFantastic 4,27/6/2005,ActivisionHappy Feet,14/11/2006,MidwayAll-Star Baseball 2002,13/11/2001,AcclaimAll-Star Baseball 2004,26/2/2003,AcclaimAll-Star Baseball 2003,28/2/2002,AcclaimTurok: Evolution,29/8/2002,AcclaimCrazy Taxi,18/11/2001,AcclaimJeremy McGrath Supercross World,27/2/2002,AcclaimLegends of Wrestling,29/5/2002,AcclaimCabela's African Safari,17/10/2006,ActivisionWreckless: The Yakuza Missions,13/11/2002,AuranX2: Wolverine's Revenge,15/4/2003,ActivisionWorld Series of Poker: Tournament of Champions,21/9/2006,ActivisionDef Jam Vendetta,24/3/2003,EA Sports BigDef Jam Vendetta II,21/9/2004,EABeach Spikers,14/8/2002,Sega18-Wheeler: American Pro Trucker,20/2/2002,AcclaimEragon,14/11/2006,Vivendi UniversalSamurai Jack: The Shadow of Aku,23/3/2004,SegaVirtua Striker 2002,26/3/2002,SegaSuper Monkey Ball 2,28/8/2002,SegaSpectral Souls,26/9/2006,"NIS America, Inc"Monster House,18/7/2006,THQDrome Racers,18/9/2003,EATak and the Power of Juju,15/10/2003,THQDisney's Chicken Little,18/10/2005,Buena Vista Games IncDragon Ball Z: Sagas,22/3/2005,AtariTak: The Great Juju Challenge,20/9/2005,THQDeath Jr. 2: Root of Evil,31/10/2006,KonamiDigimon World 4,31/5/2005,"Bandai America, Inc"Jimmy Neutron: Boy Genius,17/12/2002,THQSpongeBob SquarePants: Revenge of the Flying Dutchman,18/12/2002,THQNeed for Speed Undercover,18/11/2008,EASega Soccer Slam,20/3/2002,SegaNeed for Speed: Underground,18/11/2003,EATerminator 3: Rise of the Machines,18/11/2003,AtariStreet Hoops,14/11/2002,ActivisionThe Hustle: Detroit Streets,25/10/2005,ActivisionSpongeBob SquarePants: Creature from the Krusty Krab,16/10/2006,THQBad Boys: Miami Takedown,28/9/2004,Homebrew [Independently Developed/DistributedThe Bigs,25/6/2007,2K SportsNicktoons: Battle for Volcano Island,25/10/2006,THQNicktoons Unite,27/10/2005,THQXiaolin Showdown,14/11/2006,KonamiMega Man Powered Up,14/3/2006,CapcomMega Man: Maverick Hunter X,31/1/2006,CapcomResident Evil Zero,13/11/2002,CapcomResident Evil 2,15/1/2003,CapcomResident Evil 3: Nemesis,15/1/2003,CapcomMega Man Network Transmission,17/6/2003,CapcomMega Man X Command Mission,21/9/2004,CapcomMega Man Anniversary Collection,22/6/2004,CapcomCapcom vs. SNK 2: EO,25/9/2002,CapcomResident Evil,30/4/2002,CapcomAuto Modellista,30/9/2003,CapcomPower Stone Collection,31/10/2006,CapcomDarkstalkers Chronicle: The Chaos Tower,24/3/2005,CapcomKingdom of Paradise,15/11/2005,SonyATV Offroad Fury: Blazin' Trails,19/4/2005,SonySpeed Kings,28/5/2003,AcclaimGhost Rider,13/2/2007,2K GamesViewtiful Joe 2,18/11/2004,CapcomBubble Bobble: Evolution,21/12/2006,CodemastersHard Rock Casino,24/4/2007,CraveWorld Championship Cards,28/5/2008,CraveCoded Arms: Contagion,18/9/2007,KonamiAmerican Chopper 2: Full Throttle,29/11/2005,ActivisionBurnout Legends,13/9/2005,EALara Croft: Tomb Raider -- Legend,14/11/2006,Eidos InteractivePuzzle Quest Challenge of the Warlords,20/3/2007,D3Publisher of AmericaNickelodeon Party Blast,23/11/2002,InfogramesFull Auto 2: Battlelines,20/3/2007,SegaMidway Arcade Treasures: Extended Play,13/12/2005,MidwayMidway Arcade Treasures 3,25/10/2005,MidwayCapcom Classics Collection: Remixed,23/3/2006,CapcomCapcom Classics Collection: Reloaded,24/10/2006,CapcomRocky Balboa,20/3/2007,Ubisoft EntertainmentBlack & Bruised,30/1/2003,MajescoTop Gun: Combat Zones,18/6/2002,TitusRainbow Islands: Evolution,22/1/2008,Ignition EntertainmentDragon Ball Z: Budokai,28/10/2003,InfogramesDragon Ball Z: Budokai 2,14/12/2004,AtariDisney's Hide & Sneak,18/11/2003,CapcomFIFA Street,22/2/2005,EA Sports BigSSX Tricky,28/11/2001,EA Sports BigFIFA Street 2,28/2/2006,EA Sports BigFIFA Street 2,28/2/2006,EA Sports BigFIFA Soccer 09,14/10/2008,EANeed for Speed: Underground 2,16/11/2004,EANeed for Speed Most Wanted,17/11/2005,EANeed for Speed Most Wanted 5-1-0,17/11/2005,EANeed for Speed: Most Wanted -- 5-1-0,17/11/2005,EAFIFA Soccer 06,18/10/2005,EAFIFA Soccer 2002: Major League Soccer,20/11/2001,EAMVP Baseball 2005,22/2/2005,EAMedal of Honor: Heroes,23/10/2006,EA2002 FIFA World Cup,23/4/2002,EANHL 2004,23/9/2003,EATiger Woods PGA Tour 06,27/9/2005,EAFight Night: Round 2,28/2/2005,EANBA Live 07,28/9/2006,EAEA Replay,14/11/2006,EANCAA Football 09,15/7/2008,EAThe Sims 2: Pets,28/11/2006,EANCAA Football 2005,14/7/2004,EACatwoman,20/7/2004,EANHL 2005,20/9/2004,EANeed for Speed: Underground -- Rivals,24/3/2005,EAThe Sims,25/3/2003,EAHarry Potter and the Order of the Phoenix,26/6/2007,EATiger Woods PGA Tour 2004,22/9/2003,EAJames Bond 007 in Agent Under Fire,13/3/2002,EAJames Bond 007: Everything or Nothing,17/2/2004,EANCAA Football 07,18/7/2006,EATiger Woods PGA Tour 06,20/9/2005,EATiger Woods PGA Tour,24/3/2005,EANFL Street 2,29/12/2004,EA Sports BigNFL Street,15/1/2004,EANCAA Football 2004,16/7/2003,EANASCAR Thunder 2003,18/9/2002,EAMadden NFL 2006,20/9/2005,EANCAA Football 2003,23/7/2002,EAHarry Potter and the Goblet of Fire,15/11/2005,EAHarry Potter: Quidditch World Cup,28/10/2003,EATest Drive Unlimited,21/3/2007,AtariChili Con Carnage,27/2/2007,RedOctaneFord Bold Moves Street Racing,18/10/2006,Eidos InteractiveNaruto: Clash of Ninja 2,26/9/2006,D3Publisher of AmericaBloody Roar: Primal Fury,20/3/2002,ActivisionTiger Woods PGA Tour 2003,29/10/2002,EAMedal of Honor: Frontline,18/11/2002,EASpyro: Enter the Dragonfly,21/11/2002,Universal InteractiveArthur and the Invisibles,20/2/2007,AtariBuffy the Vampire Slayer: Chaos Bleeds,26/8/2003,Vivendi UniversalCrash Bandicoot: The Wrath of Cortex,18/9/2002,Universal Interactive007: NightFire,20/11/2002,EAIce Age 2: The Meltdown,14/3/2006,SierraSRS: Street Racing Syndicate,31/8/2004,"Namco Bandai Games America, Inc"Big Mutha Truckers,18/8/2003,Empire InteractiveRocket Power: Beach Bandits,24/9/2002,THQThe Legend of Heroes: A Tear of Vermillion,15/11/2005,"Bandai America, Inc"Puzzle Scape,18/6/2007,Got Game EntertainmentPinball Hall of Fame: The Gottlieb Collection,25/3/2005,CravePinball Hall of Fame: The Williams Collection,26/2/2008,CraveTimeSplitters 2,24/9/2002,Eidos InteractiveB-Boy,16/9/2008,SouthPeak InteractiveLost Kingdoms,29/5/2002,ActivisionThrillville,21/11/2006,Lucas ArtsWallace & Gromit in Project Zoo,16/10/2003,BAM! EntertainmentCabela's Outdoor Adventures,15/9/2005,ActivisionPokemon Colosseum,22/3/2004,NintendoStreet Supremacy,28/2/2006,KonamiThe Fast and the Furious,24/4/2007,"Namco Bandai Games America, Inc"Ratchet & Clank: Size Matters,13/2/2007,SonyThe Grim Adventures of Billy & Mandy,26/9/2006,MidwayBaldur's Gate: Dark Alliance,20/11/2002,Interplay EntertainmentHunter: The Reckoning,20/11/2002,Interplay EntertainmentCharlie and the Chocolate Factory,18/7/2005,Global Star50 Cent: Bulletproof -- G Unit Edition,29/8/2006,Firaxis GamesBomberman Land,29/1/2008,Hudson  SoftFrogger: Ancient Shadow,27/9/2005,KonamiDisney's Party,16/9/2003,EAOutlaw Golf,30/10/2002,Simon & SchusterTwisted Metal: Head-On,24/3/2005,SonyDungeons & Dragons: Heroes,31/12/1969,InfogramesGitaroo Man Lives,16/11/2006,KOEI CorporationFire Emblem: Path of Radiance,18/10/2005,NintendoHitman 2: Silent Assassin,17/6/2003,Eidos InteractivePuzzle Guzzle,26/2/2008,AgetecGoblin Commander: Unleash the Horde,17/12/2003,JalecoMortal Kombat: Unchained,14/11/2006,MidwayJuiced: Eliminator,29/6/2006,THQBatman: Dark Tomorrow,17/2/2003,KemcoGrooverider: Slot Car Thunder,23/9/2003,Encore SoftwareMystic Heroes,30/9/2002,KOEI CorporationMetal Gear Solid: Digital Graphic Novel,13/6/2006,KonamiCastlevania: The Dracula X Chronicles,23/10/2007,KonamiSteel Horizon,29/6/2007,KonamiTMNT Mutant Melee,15/3/2005,KonamiMetal Gear Ac!d 2,23/3/2006,KonamiMetal Gear Ac!d,24/3/2005,KonamiDisney Sports Skateboarding,13/11/2002,KonamiDisney Sports Soccer,13/11/2002,KonamiEvolution Skateboarding,13/11/2002,KonamiEvolution Snowboarding,25/2/2003,KonamiWTA Tour Tennis,28/9/2002,KonamiFrogger: Helmet Chaos,27/9/2005,Xseed GamesThe Legend of Spyro: A New Beginning,13/10/2006,Vivendi UniversalKing Arthur,16/11/2004,KonamiHellboy: The Science of Evil,24/6/2008,KonamiStrike Force Bowling,22/3/2005,CraveNBA Courtside 2002,15/1/2002,NintendoWorld Series of Poker,15/9/2005,ActivisionWorld Series of Poker,20/9/2005,ActivisionMTX: Mototrax,29/6/2006,ActivisionGladius,29/9/2003,LucasArtsShrek 2,28/4/2004,ActivisionShrek: Super Party,27/5/2003,TDK MediactiveThe Sims 2,13/12/2005,EAThe Sims Bustin' Out,16/12/2003,EAThe Sims 2: Pets,17/10/2006,EAThe Sims 2,25/10/2005,EAFreaky Flyers,18/8/2003,MidwayMortal Kombat: Deadly Alliance,19/11/2002,MidwayDr. Muto,20/12/2002,MidwayDora the Explorer: Journey to the Purple Planet,13/10/2005,Global StarBaten Kaitos Origins,26/9/2006,"Namco Bandai Games America, Inc"NASCAR: Dirt to Daytona,13/11/2002,InfogramesJackass: The Game,26/9/2007,Red Mile EntertainmentGeist,16/8/2005,NintendoMary-Kate and Ashley: Sweet 16 -- Licensed to Drive,26/11/2002,Club AcclaimRidge Racer,24/3/2005,"Namco Bandai Games America, Inc"Tekken: Dark Resurrection,25/7/2006,"Namco Bandai Games America, Inc"Gunpey,16/11/2006,"Namco Bandai Games America, Inc"Ace Combat X: Skies of Deception,24/10/2006,"Namco Bandai Games America, Inc"MotoGP,26/9/2006,"Namco Bandai Games America, Inc"Snoopy vs. The Red Baron,24/10/2006,"Namco Bandai Games America, Inc"Dead to Rights,26/11/2002,"Namco Bandai Games America, Inc"Star Fox: Assault,14/2/2005,NintendoDonkey Konga,27/9/2004,NintendoPac-Man World 2,14/3/2002,"Namco Bandai Games America, Inc"Soul Calibur II,26/8/2003,"Namco Bandai Games America, Inc"Tales of Symphonia,13/7/2004,"Namco Bandai Games America, Inc"Harvest Moon: A Wonderful Life,16/3/2004,Natsume IncTube Slider,25/3/2003,"NEC Interchannel, Ltd"Code Lyoko: Quest for Infinity,17/7/2008,Game FactoryTony Hawk's Pro Skater 3,18/11/2001,ActivisionTony Hawk's Project 8,21/11/2006,ActivisionTony Hawk's Pro Skater 4,24/10/2002,ActivisionTony Hawk's Underground,28/10/2003,ActivisionLittle League Baseball,31/12/1969,NewKidCoTom and Jerry in War of the Whiskers,25/11/2003,NewKidCo LLCNHL Hitz Pro,23/9/2003,MidwayAnimal Crossing,16/9/2002,NintendoLuigi's Mansion,18/11/2001,NintendoMario Party 4,22/10/2002,NintendoThe Legend of Zelda: The Wind Waker,25/3/2003,NintendoSuper Mario Sunshine,27/8/2002,NintendoPikmin 2,30/8/2004,NintendoThe Legend of Zelda: Ocarina of Time / Master Quest (bonus disc,18/2/2003,NintendoSuper Mario Galaxy,13/11/2007,NintendoDonkey Kong Jungle Beat,14/3/2005,NintendoMario Golf: Toadstool Tour,28/7/2003,NintendoWave Race: Blue Storm,18/11/2001,NintendoJudge Dredd: Dredd vs Death,28/2/2005,Evolved GamesNBA Street,20/2/2002,EA Sports BigDynasty Warriors Vol. 2,24/10/2006,KOEI CorporationStar Wars: The Clone Wars,29/10/2002,Lucas ArtsMission: Impossible -- Operation Surma,23/3/2004,AtariPeter Jackson's King Kong: The Official Game of the Movie,20/12/2005,Ubisoft EntertainmentConflict: Desert Storm,24/4/2003,Gotham GamesDiner Dash: Sizzle & Serve,22/5/2007,Eidos InteractiveBrunswick Pro Bowling,21/8/2007,CraveSmashing Drive,21/2/2002,"Namco Bandai Games America, Inc"SpyHunter,13/3/2002,MidwayNFL Blitz 20-02,21/3/2002,MidwayRed Card 20-03,27/6/2002,MidwayWorld Championship Poker Featuring Howard Lederer: All In,22/8/2006,CravePatapon,26/2/2008,SonyCrash Clash Racing,20/9/2005,Vivendi UniversalTetris Worlds,27/6/2002,THQThe Simpsons Road Rage,20/12/2001,EAX-Men Legends II: Rise of Apocalypse,20/9/2005,ActivisionX-Men Legends,21/9/2004,ActivisionX-Men Legends II: Rise of Apocalypse,25/10/2005,ActivisionOkami,15/4/2008,CapcomOkami,15/4/2008,CapcomOkami,15/4/2008,CapcomOkami,15/4/2008,CapcomDead to Rights: Reckoning,28/6/2005,"Namco Bandai Games America, Inc"Tom Clancy's Ghost Recon 2,15/3/2005,Ubisoft EntertainmentTom Clancy's Rainbow Six: Lockdown,27/9/2005,Ubisoft EntertainmentMetroid Prime 2: Echoes,18/11/2004,Radica Games LimitedGrand Theft Auto: Liberty City Stories,25/10/2005,RockstarGrand Theft Auto: Vice City Stories,31/10/2006,RockstarCabela's Dangerous Hunts 2,15/11/2005,ActivisionRapala Trophies,22/8/2006,ActivisionScooby-Doo! Who's Watching Who,17/10/2006,THQMLB 07: The Show,27/2/2007,SonyMediEvil Resurrection,13/9/2005,SonyWorld Tour Soccer,24/3/2005,SonySonic Gems Collection,16/8/2005,SegaSonic Rivals,21/11/2006,SegaAmazing Island,25/8/2004,SegaVirtua Tennis 3,28/3/2007,SegaShadow the Hedgehog,15/11/2005,SegaTony Hawk's Underground 2: Remix,24/3/2005,ActivisionEnter the Matrix,15/5/2003,AtariEternal Darkness: Sanity's Requiem,24/6/2002,NintendoMark Davis Pro Bass Challenge,20/9/2005,NatsumePac-Man World Rally,22/8/2006,"Namco Bandai Games America, Inc"Pac-Man World Rally,22/8/2006,"Namco Bandai Games America, Inc""SNK Arcade Classics, Vol. 1",29/4/2008,SNK PlaymoreMetal Slug Anthology,20/2/2007,SNK Playmore USASonic Adventure 2 Battle,13/2/2002,SegaPhantasy Star Online: Episodes I & II -- Plus,15/9/2004,SegaSonic Adventure DX: Director's Cut,17/6/2003,SegaPuyo Pop Fever,23/7/2004,SegaPhantasy Star Online Episode I & II,30/10/2002,SegaWipeout Pure,24/3/2005,SonyATV Offroad Fury: Pro,26/10/2006,SonyNBA 07,26/9/2006,SonyWorld Tour Soccer '06,27/6/2006,SonyApe Escape Academy,17/1/2006,SonyUntold Legends: Brotherhood of the Blade,24/3/2005,Sony Online EntertainmentProStroke Golf: World Tour 2007,25/6/2007,SouthPeak InteractiveCall of Duty: Finest Hour,27/10/2004,ActivisionCrisis Core: Final Fantasy VII,25/3/2008,Square Enix USARocky,15/11/2002,Ubisoft EntertainmentThe Lord of the Rings: The Two Towers,31/12/2002,EAOutRun 2006: Coast 2 Coast,25/4/2006,SegaSpelling Challenges and More,25/9/2007,CraveDungeon Siege: Throne of Agony,31/10/2006,2K GamesThe Lord of the Rings: The Fellowship of the Ring,31/12/1969,Universal InteractiveMetal Arms: Glitch in the System,20/11/2003,SierraSpace Invaders Extreme,17/6/2008,TaitoTaito Legends Power-Up,17/5/2007,DestineerWorms Blast,23/10/2002,Ubisoft EntertainmentWorms: Open Warfare,23/3/2006,THQNFL Street 2 Unleashed,24/3/2005,EA Sports BigNBA Street Showdown,25/4/2005,EA Sports BigMVP Baseball,17/5/2005,EAGo! Go! Hypergrind,18/11/2003,"Atlus U.S.A., Inc"Swingerz Golf,24/10/2002,Eidos InteractiveBloodRayne,16/10/2002,MajescoAlien Hominid,23/11/2004,O3 EntertainmentThe Con,18/10/2005,Sony"SpongeBob SquarePants: Lights, Camera, Pants",20/10/2005,THQThe Incredibles,29/10/2004,THQNFL Street 3,14/11/2006,EA Sports BigMadden NFL 08,14/8/2007,EAMadden NFL 08,14/8/2007,EAMadden NFL 2002,18/11/2001,EAZoids: Battle Legends,14/9/2004,AtariMadagascar,24/5/2005,ActivisionLEGO Batman: The Videogame,23/9/2008,Warner Bros.  InteractiveFinding Nemo,14/5/2003,THQWRC: World Rally Championship,18/4/2006,"Namco Bandai Games America, Inc"Bionicle Heroes,14/11/2006,Eidos InteractiveLEGO Star Wars: The Video Game,25/10/2005,Eidos Interactive"The Chronicles of Narnia: The Lion, the Witch, and the Wardrobe",15/11/2005,Buena Vista Games IncIkaruga,15/4/2003,InfogramesSpider-Man,17/4/2002,ActivisionKelly Slater's Pro Surfer,18/9/2002,ActivisionTom Clancy's Splinter Cell: Double Agent,24/10/2006,Ubisoft EntertainmentRayman Arena,25/9/2002,Ubisoft EntertainmentDisney's Donald Duck: Goin' Quackers,27/3/2002,Ubisoft EntertainmentDisney's Tarzan: Untamed,16/11/2001,Ubisoft EntertainmentShaun White Snowboarding,16/11/2008,Ubisoft EntertainmentBatman: Vengeance,18/11/2001,Ubisoft EntertainmentOpen Season,19/9/2006,Ubisoft EntertainmentTom Clancy's Splinter Cell: Essentials,21/3/2006,Ubisoft EntertainmentXIII,25/11/2003,Ubisoft EntertainmentThe Sum of All Fears,15/1/2003,Ubisoft EntertainmentStar Wars: Jedi Knight II -- Jedi Outcast,15/11/2002,LucasArtsSpider-Man 2,24/3/2005,ActivisionMarvel Trading Card Game,27/2/2007,KonamiDead Head Fred,28/8/2007,D3Publisher of AmericaJustice League Heroes,28/11/2006,Warner Brothers InteractiveNBA 2K2,20/3/2002,SegaNFL 2K3,21/8/2002,SegaNBA 2K3,26/11/2002,SegaWorld Poker Tour,18/4/2006,2K SportsF1 2002,25/6/2002,EASpirits & Spells,24/9/2003,DreamcatcherAnimaniacs: The Great Edgar Hunt,20/9/2005,Ignition EntertainmentLooney Tunes: Back in Action,24/11/2003,EARally Championship,15/7/2003,Conspiracy Entertainment CorporationHome Run King,20/3/2002,SegaHello Kitty: Roller Rescue,16/8/2005,"Namco Bandai Games America, Inc"WWE SmackDown vs. Raw 2006,15/12/2005,THQWWE Day of Reckoning 2,30/8/2005,THQWWE: Day of Reckoning,31/8/2004,THQX-Men: The Official Game,16/5/2006,ActivisionDave Mirra Freestyle BMX 2,17/11/2001,Acclaim